{"Trainer/where": 0.04998641304347826, "Trainer/epoch": 0, "Trainer/steps_train": 3680}
{"Trainer/where": 0.09998641304347826, "Trainer/epoch": 1, "Trainer/steps_train": 7360}
{"Trainer/where": 0.14998641304347826, "Trainer/epoch": 2, "Trainer/steps_train": 11040}
{"Trainer/where": 0.19998641304347825, "Trainer/epoch": 3, "Trainer/steps_train": 14720}
{"Trainer/where": 0.24998641304347827, "Trainer/epoch": 4, "Trainer/steps_train": 18400}
{"Trainer/where": 0.2999864130434783, "Trainer/epoch": 5, "Trainer/steps_train": 22080}
{"Trainer/where": 0.3499864130434783, "Trainer/epoch": 6, "Trainer/steps_train": 25760}
{"Trainer/where": 0.39998641304347826, "Trainer/epoch": 7, "Trainer/steps_train": 29440}
{"Trainer/where": 0.44998641304347825, "Trainer/epoch": 8, "Trainer/steps_train": 33120}
{"Trainer/where": 0.49998641304347824, "Trainer/epoch": 9, "Trainer/steps_train": 36800}
{"Trainer/where": 0.5499864130434783, "Trainer/epoch": 10, "Trainer/steps_train": 40480}
{"Trainer/where": 0.5999864130434782, "Trainer/epoch": 11, "Trainer/steps_train": 44160}
{"Trainer/where": 0.6499864130434783, "Trainer/epoch": 12, "Trainer/steps_train": 47840}
{"Trainer/where": 0.6999864130434783, "Trainer/epoch": 13, "Trainer/steps_train": 51520}
{"Trainer/where": 0.7499864130434782, "Trainer/epoch": 14, "Trainer/steps_train": 55200}
{"Trainer/where": 0.7999864130434783, "Trainer/epoch": 15, "Trainer/steps_train": 58880}
{"Trainer/where": 0.8499864130434783, "Trainer/epoch": 16, "Trainer/steps_train": 62560}
{"Trainer/where": 0.8999864130434784, "Trainer/epoch": 17, "Trainer/steps_train": 66240}
{"Trainer/where": 0.9499864130434783, "Trainer/epoch": 18, "Trainer/steps_train": 69920}
{"Trainer/where": 0.9999864130434784, "Trainer/epoch": 19, "Trainer/steps_train": 73600}
