{"Losses/train_all_loss": 1.9202654610266503, "Losses/train_all_loss_mask": 0.06384455395442352, "Losses/train_all_loss_dice": 0.4848807487312866, "Losses/train_all_loss_iou": 0.15849306769137594, "Losses/train_all_loss_class": 5.774538150153912e-07, "Losses/train_all_core_loss": 1.9202654610266503, "Trainer/where": 0.04998641304347826, "Trainer/epoch": 0, "Trainer/steps_train": 3680}
{"Losses/train_all_loss": 1.4920605236826383, "Losses/train_all_loss_mask": 0.04957262944314963, "Losses/train_all_loss_dice": 0.3890760804971923, "Losses/train_all_loss_iou": 0.11153183446288534, "Losses/train_all_loss_class": 2.5113242167513533e-08, "Losses/train_all_core_loss": 1.4920605236826383, "Trainer/where": 0.09998641304347826, "Trainer/epoch": 1, "Trainer/steps_train": 7360}
{"Losses/train_all_loss": 1.403634089215294, "Losses/train_all_loss_mask": 0.04659373639670261, "Losses/train_all_loss_dice": 0.3703926866631145, "Losses/train_all_loss_iou": 0.10136666380731976, "Losses/train_all_loss_class": 1.807612697509767e-08, "Losses/train_all_core_loss": 1.403634089215294, "Trainer/where": 0.14998641304347826, "Trainer/epoch": 2, "Trainer/steps_train": 11040}
{"Losses/train_all_loss": 1.338553905673325, "Losses/train_all_loss_mask": 0.04445843124925412, "Losses/train_all_loss_dice": 0.35488969312737817, "Losses/train_all_loss_iou": 0.09449558535023876, "Losses/train_all_loss_class": 5.24330424913708e-09, "Losses/train_all_core_loss": 1.338553905673325, "Trainer/where": 0.19998641304347825, "Trainer/epoch": 3, "Trainer/steps_train": 14720}
{"Losses/train_all_loss": 1.3563544955509512, "Losses/train_all_loss_mask": 0.04572015733245517, "Losses/train_all_loss_dice": 0.3481186877126279, "Losses/train_all_loss_iou": 0.09383266349158594, "Losses/train_all_loss_class": 3.889513409012621e-09, "Losses/train_all_core_loss": 1.3563544955509512, "Trainer/where": 0.24998641304347827, "Trainer/epoch": 4, "Trainer/steps_train": 18400}
{"Losses/train_all_loss": 1.287326498888433, "Losses/train_all_loss_mask": 0.0427814467558283, "Losses/train_all_loss_dice": 0.3433353040367365, "Losses/train_all_loss_iou": 0.0883622584026813, "Losses/train_all_loss_class": 3.3153215031503928e-09, "Losses/train_all_core_loss": 1.287326498888433, "Trainer/where": 0.2999864130434783, "Trainer/epoch": 5, "Trainer/steps_train": 22080}
{"Losses/train_all_loss": 1.2584153258079744, "Losses/train_all_loss_mask": 0.04171812893258428, "Losses/train_all_loss_dice": 0.33807619994749194, "Losses/train_all_loss_iou": 0.08597653957802559, "Losses/train_all_loss_class": 8.158699369927638e-09, "Losses/train_all_core_loss": 1.2584153258079744, "Trainer/where": 0.3499864130434783, "Trainer/epoch": 6, "Trainer/steps_train": 25760}
{"Losses/train_all_loss": 1.237932485487798, "Losses/train_all_loss_mask": 0.0409100810611246, "Losses/train_all_loss_dice": 0.33368428203722705, "Losses/train_all_loss_iou": 0.0860465814805534, "Losses/train_all_loss_class": 3.192108915188227e-09, "Losses/train_all_core_loss": 1.237932485487798, "Trainer/where": 0.39998641304347826, "Trainer/epoch": 7, "Trainer/steps_train": 29440}
{"Losses/train_all_loss": 1.2228334548721171, "Losses/train_all_loss_mask": 0.04043003795579906, "Losses/train_all_loss_dice": 0.3301601866179186, "Losses/train_all_loss_iou": 0.08407250870381097, "Losses/train_all_loss_class": 1.3172425356774335e-09, "Losses/train_all_core_loss": 1.2228334548721171, "Trainer/where": 0.44998641304347825, "Trainer/epoch": 8, "Trainer/steps_train": 33120}
{"Losses/train_all_loss": 1.2352069394824945, "Losses/train_all_loss_mask": 0.04129496157047865, "Losses/train_all_loss_dice": 0.326802273677743, "Losses/train_all_loss_iou": 0.08250543071113972, "Losses/train_all_loss_class": 7.410585183320097e-10, "Losses/train_all_core_loss": 1.2352069394824945, "Trainer/where": 0.49998641304347824, "Trainer/epoch": 9, "Trainer/steps_train": 36800}
{"Losses/train_all_loss": 1.2119116624857744, "Losses/train_all_loss_mask": 0.0401967110934809, "Losses/train_all_loss_dice": 0.32506243847310545, "Losses/train_all_loss_iou": 0.08291499934781787, "Losses/train_all_loss_class": 1.5364809854902482e-09, "Losses/train_all_core_loss": 1.2119116624857744, "Trainer/where": 0.5499864130434783, "Trainer/epoch": 10, "Trainer/steps_train": 40480}
{"Losses/train_all_loss": 1.2057049596439238, "Losses/train_all_loss_mask": 0.04000793250464915, "Losses/train_all_loss_dice": 0.3236317777601273, "Losses/train_all_loss_iou": 0.0819145322405308, "Losses/train_all_loss_class": 6.852675537025214e-10, "Losses/train_all_core_loss": 1.2057049596439238, "Trainer/where": 0.5999864130434782, "Trainer/epoch": 11, "Trainer/steps_train": 44160}
{"Losses/train_all_loss": 1.229184560947444, "Losses/train_all_loss_mask": 0.04131831429619089, "Losses/train_all_loss_dice": 0.32100385168324347, "Losses/train_all_loss_iou": 0.08181442241589336, "Losses/train_all_loss_class": 1.0614004141920896e-09, "Losses/train_all_core_loss": 1.229184560947444, "Trainer/where": 0.6499864130434783, "Trainer/epoch": 12, "Trainer/steps_train": 47840}
{"Losses/train_all_loss": 1.1811555377167204, "Losses/train_all_loss_mask": 0.03911581608617385, "Losses/train_all_loss_dice": 0.318972231949801, "Losses/train_all_loss_iou": 0.07986698328206093, "Losses/train_all_loss_class": 1.0776174964038543e-09, "Losses/train_all_core_loss": 1.1811555377167204, "Trainer/where": 0.6999864130434783, "Trainer/epoch": 13, "Trainer/steps_train": 51520}
{"Losses/train_all_loss": 1.171339658777351, "Losses/train_all_loss_mask": 0.038731607116642405, "Losses/train_all_loss_dice": 0.31717755235731604, "Losses/train_all_loss_iou": 0.07952996066040056, "Losses/train_all_loss_class": 1.598419481248478e-09, "Losses/train_all_core_loss": 1.171339658777351, "Trainer/where": 0.7499864130434782, "Trainer/epoch": 14, "Trainer/steps_train": 55200}
{"Losses/train_all_loss": 1.1655201181607402, "Losses/train_all_loss_mask": 0.03877324274849936, "Losses/train_all_loss_dice": 0.3128073706737031, "Losses/train_all_loss_iou": 0.07724785850947702, "Losses/train_all_loss_class": 3.476812970519487e-08, "Losses/train_all_core_loss": 1.1655201181607402, "Trainer/where": 0.7999864130434783, "Trainer/epoch": 15, "Trainer/steps_train": 58880}
{"Losses/train_all_loss": 1.147047256309863, "Losses/train_all_loss_mask": 0.03795085521705914, "Losses/train_all_loss_dice": 0.3115041295633368, "Losses/train_all_loss_iou": 0.07652601158991709, "Losses/train_all_loss_class": 1.3615143364731946e-08, "Losses/train_all_core_loss": 1.147047256309863, "Trainer/where": 0.8499864130434783, "Trainer/epoch": 16, "Trainer/steps_train": 62560}
{"Losses/train_all_loss": 1.1558357720789703, "Losses/train_all_loss_mask": 0.03843554272075973, "Losses/train_all_loss_dice": 0.31007974183429843, "Losses/train_all_loss_iou": 0.07704473327555562, "Losses/train_all_loss_class": 4.4340950297874034e-07, "Losses/train_all_core_loss": 1.1558357720789703, "Trainer/where": 0.8999864130434784, "Trainer/epoch": 17, "Trainer/steps_train": 66240}
{"Losses/train_all_loss": 1.112023298997108, "Losses/train_all_loss_mask": 0.03644897637840704, "Losses/train_all_loss_dice": 0.3085922567092854, "Losses/train_all_loss_iou": 0.07445151199176706, "Losses/train_all_loss_class": 3.3725722395392853e-09, "Losses/train_all_core_loss": 1.112023298997108, "Trainer/where": 0.9499864130434783, "Trainer/epoch": 18, "Trainer/steps_train": 69920}
{"Losses/train_all_loss": 1.1540919089892312, "Losses/train_all_loss_mask": 0.03846604729124405, "Losses/train_all_loss_dice": 0.3086020214888065, "Losses/train_all_loss_iou": 0.07616894133717995, "Losses/train_all_loss_class": 1.6173885796365404e-09, "Losses/train_all_core_loss": 1.1540919089892312, "Trainer/where": 0.9999864130434784, "Trainer/epoch": 19, "Trainer/steps_train": 73600}
