{"Trainer/where": 0.0499922910884983, "Trainer/epoch": 1, "Trainer/steps_train": 6486}
{"Trainer/where": 0.0749922910884983, "Trainer/epoch": 2, "Trainer/steps_train": 9729}
{"Trainer/where": 0.0999922910884983, "Trainer/epoch": 3, "Trainer/steps_train": 12972}
{"Trainer/where": 0.1249922910884983, "Trainer/epoch": 4, "Trainer/steps_train": 16215}
{"Trainer/where": 0.1499922910884983, "Trainer/epoch": 5, "Trainer/steps_train": 19458}
{"Trainer/where": 0.1749922910884983, "Trainer/epoch": 6, "Trainer/steps_train": 22701}
{"Trainer/where": 0.1999922910884983, "Trainer/epoch": 7, "Trainer/steps_train": 25944}
{"Trainer/where": 0.22499229108849833, "Trainer/epoch": 8, "Trainer/steps_train": 29187}
{"Trainer/where": 0.24999229108849833, "Trainer/epoch": 9, "Trainer/steps_train": 32430}
{"Trainer/where": 0.2749922910884983, "Trainer/epoch": 10, "Trainer/steps_train": 35673}
{"Trainer/where": 0.29999229108849834, "Trainer/epoch": 11, "Trainer/steps_train": 38916}
{"Trainer/where": 0.3249922910884983, "Trainer/epoch": 12, "Trainer/steps_train": 42159}
{"Trainer/where": 0.34999229108849833, "Trainer/epoch": 13, "Trainer/steps_train": 45402}
{"Trainer/where": 0.3749922910884983, "Trainer/epoch": 14, "Trainer/steps_train": 48645}
{"Trainer/where": 0.3999922910884983, "Trainer/epoch": 15, "Trainer/steps_train": 51888}
{"Trainer/where": 0.42499229108849834, "Trainer/epoch": 16, "Trainer/steps_train": 55131}
{"Trainer/where": 0.4499922910884983, "Trainer/epoch": 17, "Trainer/steps_train": 58374}
{"Trainer/where": 0.47499229108849833, "Trainer/epoch": 18, "Trainer/steps_train": 61617}
{"Trainer/where": 0.4999922910884983, "Trainer/epoch": 19, "Trainer/steps_train": 64860}
{"Trainer/where": 0.5249922910884983, "Trainer/epoch": 20, "Trainer/steps_train": 68103}
{"Trainer/where": 0.5499922910884983, "Trainer/epoch": 21, "Trainer/steps_train": 71346}
{"Trainer/where": 0.5749922910884984, "Trainer/epoch": 22, "Trainer/steps_train": 74589}
{"Trainer/where": 0.5999922910884983, "Trainer/epoch": 23, "Trainer/steps_train": 77832}
{"Trainer/where": 0.6249922910884983, "Trainer/epoch": 24, "Trainer/steps_train": 81075}
{"Trainer/where": 0.6499922910884983, "Trainer/epoch": 25, "Trainer/steps_train": 84318}
{"Trainer/where": 0.6749922910884983, "Trainer/epoch": 26, "Trainer/steps_train": 87561}
{"Trainer/where": 0.6999922910884984, "Trainer/epoch": 27, "Trainer/steps_train": 90804}
{"Trainer/where": 0.7249922910884983, "Trainer/epoch": 28, "Trainer/steps_train": 94047}
{"Trainer/where": 0.7499922910884983, "Trainer/epoch": 29, "Trainer/steps_train": 97290}
{"Trainer/where": 0.7749922910884983, "Trainer/epoch": 30, "Trainer/steps_train": 100533}
{"Trainer/where": 0.7999922910884983, "Trainer/epoch": 31, "Trainer/steps_train": 103776}
{"Trainer/where": 0.8249922910884984, "Trainer/epoch": 32, "Trainer/steps_train": 107019}
{"Trainer/where": 0.8499922910884983, "Trainer/epoch": 33, "Trainer/steps_train": 110262}
{"Trainer/where": 0.8749922910884983, "Trainer/epoch": 34, "Trainer/steps_train": 113505}
{"Trainer/where": 0.8999922910884983, "Trainer/epoch": 35, "Trainer/steps_train": 116748}
{"Trainer/where": 0.9249922910884983, "Trainer/epoch": 36, "Trainer/steps_train": 119991}
{"Trainer/where": 0.9499922910884984, "Trainer/epoch": 37, "Trainer/steps_train": 123234}
{"Trainer/where": 0.9749922910884983, "Trainer/epoch": 38, "Trainer/steps_train": 126477}
{"Trainer/where": 0.9999922910884983, "Trainer/epoch": 39, "Trainer/steps_train": 129720}
