{"Losses/train_all_loss": 7.972414322264063, "Losses/train_all_loss_mask": 0.24983094246656556, "Losses/train_all_loss_dice": 2.110531113047016, "Losses/train_all_loss_iou": 0.6623673546247154, "Losses/train_all_loss_class": 0.20289701595600904, "Losses/train_all_core_loss": 7.972414322264063, "Trainer/where": 0.024992291088498302, "Trainer/epoch": 0, "Trainer/steps_train": 3243}
{"Losses/train_all_loss": 5.7151205889648615, "Losses/train_all_loss_mask": 0.17406293683758017, "Losses/train_all_loss_dice": 1.7323141178340777, "Losses/train_all_loss_iou": 0.4987101441676, "Losses/train_all_loss_class": 0.0028375961871539433, "Losses/train_all_core_loss": 5.7151205889648615, "Trainer/where": 0.0499922910884983, "Trainer/epoch": 1, "Trainer/steps_train": 6486}
{"Losses/train_all_loss": 5.2407840985851895, "Losses/train_all_loss_mask": 0.16177107074283317, "Losses/train_all_loss_dice": 1.5532099027123454, "Losses/train_all_loss_iou": 0.4518061172627223, "Losses/train_all_loss_class": 0.0003466668996221407, "Losses/train_all_core_loss": 5.2407840985851895, "Trainer/where": 0.0749922910884983, "Trainer/epoch": 2, "Trainer/steps_train": 9729}
{"Losses/train_all_loss": 4.9396124272445014, "Losses/train_all_loss_mask": 0.15455679614883752, "Losses/train_all_loss_dice": 1.4276332132175973, "Losses/train_all_loss_iou": 0.4207894567307171, "Losses/train_all_loss_class": 5.3832148093867216e-05, "Losses/train_all_core_loss": 4.9396124272445014, "Trainer/where": 0.0999922910884983, "Trainer/epoch": 3, "Trainer/steps_train": 12972}
{"Losses/train_all_loss": 4.622219839196789, "Losses/train_all_loss_mask": 0.14561388708106573, "Losses/train_all_loss_dice": 1.3241212162712714, "Losses/train_all_loss_iou": 0.3858090852316316, "Losses/train_all_loss_class": 1.179630548353161e-05, "Losses/train_all_core_loss": 4.622219839196789, "Trainer/where": 0.1249922910884983, "Trainer/epoch": 4, "Trainer/steps_train": 16215}
{"Losses/train_all_loss": 4.415873919101618, "Losses/train_all_loss_mask": 0.13974927402021908, "Losses/train_all_loss_dice": 1.2502997644955531, "Losses/train_all_loss_iou": 0.3705848961450548, "Losses/train_all_loss_class": 3.7789366802073964e-06, "Losses/train_all_core_loss": 4.415873919101618, "Trainer/where": 0.1499922910884983, "Trainer/epoch": 5, "Trainer/steps_train": 19458}
{"Losses/train_all_loss": 4.203952093974257, "Losses/train_all_loss_mask": 0.13347921355745507, "Losses/train_all_loss_dice": 1.190831219234696, "Losses/train_all_loss_iou": 0.34353508889552226, "Losses/train_all_loss_class": 1.5151885028872491e-06, "Losses/train_all_core_loss": 4.203952093974257, "Trainer/where": 0.1749922910884983, "Trainer/epoch": 6, "Trainer/steps_train": 22701}
{"Losses/train_all_loss": 4.032130819741054, "Losses/train_all_loss_mask": 0.12827123994524056, "Losses/train_all_loss_dice": 1.1378513467447868, "Losses/train_all_loss_iou": 0.32885387184077114, "Losses/train_all_loss_class": 8.022843210168525e-07, "Losses/train_all_core_loss": 4.032130819741054, "Trainer/where": 0.1999922910884983, "Trainer/epoch": 7, "Trainer/steps_train": 25944}
{"Losses/train_all_loss": 3.936920602840661, "Losses/train_all_loss_mask": 0.12614382121791232, "Losses/train_all_loss_dice": 1.0981663523027643, "Losses/train_all_loss_iou": 0.31587740332603276, "Losses/train_all_loss_class": 4.2614518491965013e-07, "Losses/train_all_core_loss": 3.936920602840661, "Trainer/where": 0.22499229108849833, "Trainer/epoch": 8, "Trainer/steps_train": 29187}
{"Losses/train_all_loss": 3.7516835993577993, "Losses/train_all_loss_mask": 0.12021568642037217, "Losses/train_all_loss_dice": 1.045476020779317, "Losses/train_all_loss_iou": 0.30189351227755923, "Losses/train_all_loss_class": 3.462543977042159e-07, "Losses/train_all_core_loss": 3.7516835993577993, "Trainer/where": 0.24999229108849833, "Trainer/epoch": 9, "Trainer/steps_train": 32430}
{"Losses/train_all_loss": 3.642092835708345, "Losses/train_all_loss_mask": 0.11673659303277556, "Losses/train_all_loss_dice": 1.0147273758661222, "Losses/train_all_loss_iou": 0.2926333273197816, "Losses/train_all_loss_class": 2.8164383007678623e-07, "Losses/train_all_core_loss": 3.642092835708345, "Trainer/where": 0.2749922910884983, "Trainer/epoch": 10, "Trainer/steps_train": 35673}
{"Losses/train_all_loss": 3.5755624878086723, "Losses/train_all_loss_mask": 0.11544002666225128, "Losses/train_all_loss_dice": 0.9813193351517406, "Losses/train_all_loss_iou": 0.28544238726360044, "Losses/train_all_loss_class": 2.50437430475531e-07, "Losses/train_all_core_loss": 3.5755624878086723, "Trainer/where": 0.29999229108849834, "Trainer/epoch": 11, "Trainer/steps_train": 38916}
{"Losses/train_all_loss": 3.446183538844914, "Losses/train_all_loss_mask": 0.11162894367918974, "Losses/train_all_loss_dice": 0.9444648552889299, "Losses/train_all_loss_iou": 0.2691396051762793, "Losses/train_all_loss_class": 2.2650769172638623e-07, "Losses/train_all_core_loss": 3.446183538844914, "Trainer/where": 0.3249922910884983, "Trainer/epoch": 12, "Trainer/steps_train": 42159}
{"Losses/train_all_loss": 3.3554187784527985, "Losses/train_all_loss_mask": 0.10891441955635192, "Losses/train_all_loss_dice": 0.9170544392673682, "Losses/train_all_loss_iou": 0.26007577318915276, "Losses/train_all_loss_class": 1.9823920862677317e-07, "Losses/train_all_core_loss": 3.3554187784527985, "Trainer/where": 0.34999229108849833, "Trainer/epoch": 13, "Trainer/steps_train": 45402}
{"Losses/train_all_loss": 3.2611852904877616, "Losses/train_all_loss_mask": 0.10612782184178175, "Losses/train_all_loss_dice": 0.890963290655205, "Losses/train_all_loss_iou": 0.24766539171656277, "Losses/train_all_loss_class": 1.9418022695398786e-07, "Losses/train_all_core_loss": 3.2611852904877616, "Trainer/where": 0.3749922910884983, "Trainer/epoch": 14, "Trainer/steps_train": 48645}
{"Losses/train_all_loss": 3.191708491084166, "Losses/train_all_loss_mask": 0.1039629262673025, "Losses/train_all_loss_dice": 0.8691624793747564, "Losses/train_all_loss_iou": 0.243287329625475, "Losses/train_all_loss_class": 1.818719124865822e-07, "Losses/train_all_core_loss": 3.191708491084166, "Trainer/where": 0.3999922910884983, "Trainer/epoch": 15, "Trainer/steps_train": 51888}
{"Losses/train_all_loss": 3.0739707277580575, "Losses/train_all_loss_mask": 0.10012563427314598, "Losses/train_all_loss_dice": 0.8359678497734976, "Losses/train_all_loss_iou": 0.23549005003861975, "Losses/train_all_loss_class": 1.6454538500715586e-07, "Losses/train_all_core_loss": 3.0739707277580575, "Trainer/where": 0.42499229108849834, "Trainer/epoch": 16, "Trainer/steps_train": 55131}
{"Losses/train_all_loss": 3.06336948350003, "Losses/train_all_loss_mask": 0.1003533596956354, "Losses/train_all_loss_dice": 0.824667780938944, "Losses/train_all_loss_iou": 0.2316343600976887, "Losses/train_all_loss_class": 1.7011731944982577e-07, "Losses/train_all_core_loss": 3.06336948350003, "Trainer/where": 0.4499922910884983, "Trainer/epoch": 17, "Trainer/steps_train": 58374}
{"Losses/train_all_loss": 2.978709156043435, "Losses/train_all_loss_mask": 0.09805448790865706, "Losses/train_all_loss_dice": 0.7948324679409395, "Losses/train_all_loss_iou": 0.22278678269653068, "Losses/train_all_loss_class": 1.6992171471688027e-07, "Losses/train_all_core_loss": 2.978709156043435, "Trainer/where": 0.47499229108849833, "Trainer/epoch": 18, "Trainer/steps_train": 61617}
{"Losses/train_all_loss": 2.821189385062561, "Losses/train_all_loss_mask": 0.09218488426705591, "Losses/train_all_loss_dice": 0.7706091429876245, "Losses/train_all_loss_iou": 0.2068824123643164, "Losses/train_all_loss_class": 1.7036837127889256e-07, "Losses/train_all_core_loss": 2.821189385062561, "Trainer/where": 0.4999922910884983, "Trainer/epoch": 19, "Trainer/steps_train": 64860}
{"Losses/train_all_loss": 2.83405880623124, "Losses/train_all_loss_mask": 0.09366669343003899, "Losses/train_all_loss_dice": 0.7511798304758651, "Losses/train_all_loss_iou": 0.20954497588822527, "Losses/train_all_loss_class": 1.5343139998271398e-07,